{
	"id": "bdaf8d50-c60d-51c5-db96-33b7b0271b51",
	"name": "ColudCove",
	"description": "",
	"order": [
		"1cdd398f-d250-a3aa-fd4f-2165ffd3b87e",
		"61810717-bb8d-3d02-baa8-ffcb12d32a74",
		"8e056888-b7e5-9334-9e4c-64bd35b1324d",
		"cad0d347-4b57-4559-3447-bdf34a560fec",
		"636bca14-f762-e271-7525-ed082b408d30",
		"35178e80-2981-865f-2be9-2e88bfe8c5a6",
		"7e8e1eca-1d4e-ede5-ff60-551fbd4a6f9d",
		"73db5eb8-5396-bbe2-5bdb-72c73d9b17b2",
		"9fe324b0-baa2-9d50-bc62-d59205f619a0",
		"8ad4ded8-5238-2ac6-da08-f983295621a7",
		"2bf423bc-f4e2-3473-b0b6-79f0e7df9496",
		"dc208eaa-2445-063d-1b17-6136730b5279",
		"5b27c94a-58cd-8784-b415-15e1a965ab10"
	],
	"folders": [],
	"folders_order": [],
	"timestamp": 0,
	"owner": "3427409",
	"public": false,
	"requests": [
		{
			"id": "1cdd398f-d250-a3aa-fd4f-2165ffd3b87e",
			"headers": "Content-Type: application/json\n",
			"headerData": [
				{
					"key": "Content-Type",
					"value": "application/json",
					"description": "",
					"enabled": true
				}
			],
			"url": "http://52.221.167.53/login",
			"queryParams": [],
			"preRequestScript": null,
			"pathVariables": {},
			"pathVariableData": [],
			"method": "POST",
			"data": [],
			"dataMode": "raw",
			"tests": null,
			"currentHelper": "normal",
			"helperAttributes": {},
			"time": 1515488075557,
			"name": "Login",
			"description": "",
			"collectionId": "bdaf8d50-c60d-51c5-db96-33b7b0271b51",
			"responses": [],
			"rawModeData": "{\n\t\t\"username\": \"buttontest\",\n\t\t\"password\": \"test1234\"\n}"
		},
		{
			"id": "2bf423bc-f4e2-3473-b0b6-79f0e7df9496",
			"headers": "Content-Type: application/json\n",
			"headerData": [
				{
					"key": "Content-Type",
					"value": "application/json",
					"description": "",
					"enabled": true
				}
			],
			"url": "http://52.221.167.53/button/iot/authenticate/",
			"queryParams": [],
			"pathVariables": {},
			"pathVariableData": [],
			"preRequestScript": null,
			"method": "POST",
			"collectionId": "bdaf8d50-c60d-51c5-db96-33b7b0271b51",
			"data": [],
			"dataMode": "raw",
			"name": "button authenticate",
			"description": "",
			"descriptionFormat": "html",
			"time": 1516034206999,
			"version": 2,
			"responses": [],
			"tests": null,
			"currentHelper": "normal",
			"helperAttributes": {},
			"rawModeData": "{\n\t\"token\": \"69eab04f-c6c2-4852-b0e5-d4b73d2888da\",\n\t\"device\": \"B2EDFH23\"\n}"
		},
		{
			"id": "35178e80-2981-865f-2be9-2e88bfe8c5a6",
			"headers": "Authorization: token b7ea9ea2-dff6-4a09-9c14-9a9c2818c986\nContent-Type: application/json\n",
			"headerData": [
				{
					"key": "Authorization",
					"value": "token b7ea9ea2-dff6-4a09-9c14-9a9c2818c986",
					"description": "",
					"enabled": true
				},
				{
					"key": "Content-Type",
					"value": "application/json",
					"description": "",
					"enabled": true
				}
			],
			"url": "http://52.221.167.53/button",
			"queryParams": [],
			"pathVariables": {},
			"pathVariableData": [],
			"preRequestScript": null,
			"method": "GET",
			"collectionId": "bdaf8d50-c60d-51c5-db96-33b7b0271b51",
			"data": null,
			"dataMode": "params",
			"name": "get buttons",
			"description": "",
			"descriptionFormat": "html",
			"time": 1515488661304,
			"version": 2,
			"responses": [],
			"tests": null,
			"currentHelper": "normal",
			"helperAttributes": {}
		},
		{
			"id": "5b27c94a-58cd-8784-b415-15e1a965ab10",
			"headers": "Authorization: token 69eab04f-c6c2-4852-b0e5-d4b73d2888da\nContent-Type: application/json\n",
			"headerData": [
				{
					"key": "Authorization",
					"value": "token 69eab04f-c6c2-4852-b0e5-d4b73d2888da",
					"description": "",
					"enabled": true
				},
				{
					"key": "Content-Type",
					"value": "application/json",
					"description": "",
					"enabled": true
				}
			],
			"url": "http://52.221.167.53/order/get",
			"queryParams": [],
			"pathVariables": {},
			"pathVariableData": [],
			"preRequestScript": null,
			"method": "GET",
			"collectionId": "bdaf8d50-c60d-51c5-db96-33b7b0271b51",
			"data": null,
			"dataMode": "params",
			"name": "get orders",
			"description": "",
			"descriptionFormat": "html",
			"time": 1516037363636,
			"version": 2,
			"responses": [],
			"tests": null,
			"currentHelper": "normal",
			"helperAttributes": {}
		},
		{
			"id": "61810717-bb8d-3d02-baa8-ffcb12d32a74",
			"headers": "Content-Type: application/json\nAuthorization: token e568f7a6-2306-4e5e-8ec8-db44cc51576e\n",
			"headerData": [
				{
					"key": "Content-Type",
					"value": "application/json",
					"description": "",
					"enabled": true
				},
				{
					"key": "Authorization",
					"value": "token e568f7a6-2306-4e5e-8ec8-db44cc51576e",
					"description": "",
					"enabled": true
				}
			],
			"url": "http://52.221.167.53/logout",
			"queryParams": [],
			"preRequestScript": null,
			"pathVariables": {},
			"pathVariableData": [],
			"method": "POST",
			"data": [],
			"dataMode": "raw",
			"tests": null,
			"currentHelper": "normal",
			"helperAttributes": {},
			"time": 1515488077728,
			"name": "Logout",
			"description": "",
			"collectionId": "bdaf8d50-c60d-51c5-db96-33b7b0271b51",
			"responses": [],
			"rawModeData": "{\n}"
		},
		{
			"id": "636bca14-f762-e271-7525-ed082b408d30",
			"headers": "Content-Type: application/json\nAuthorization: token b7ea9ea2-dff6-4a09-9c14-9a9c2818c986\n",
			"headerData": [
				{
					"key": "Content-Type",
					"value": "application/json",
					"description": "",
					"enabled": true
				},
				{
					"key": "Authorization",
					"value": "token b7ea9ea2-dff6-4a09-9c14-9a9c2818c986",
					"description": "",
					"enabled": true
				}
			],
			"url": "http://52.221.167.53/wifi/get",
			"queryParams": [],
			"preRequestScript": null,
			"pathVariables": {},
			"pathVariableData": [],
			"method": "GET",
			"data": [],
			"dataMode": "raw",
			"tests": null,
			"currentHelper": "normal",
			"helperAttributes": {},
			"time": 1515488082420,
			"name": "Wifi Get",
			"description": "",
			"collectionId": "bdaf8d50-c60d-51c5-db96-33b7b0271b51",
			"responses": [],
			"rawModeData": "{\n\t\t\"authtoken\": \"69eab04f-c6c2-4852-b0e5-d4b73d2888da\"\n}"
		},
		{
			"id": "73db5eb8-5396-bbe2-5bdb-72c73d9b17b2",
			"headers": "Content-Type: application/json\n",
			"headerData": [
				{
					"key": "Content-Type",
					"value": "application/json",
					"description": "",
					"enabled": true
				}
			],
			"url": "http://192.168.1.1/config",
			"queryParams": [],
			"preRequestScript": null,
			"pathVariables": {},
			"pathVariableData": [],
			"method": "POST",
			"data": [],
			"dataMode": "raw",
			"version": 2,
			"tests": null,
			"currentHelper": "normal",
			"helperAttributes": {},
			"time": 1516713314675,
			"name": "button config",
			"description": "",
			"collectionId": "bdaf8d50-c60d-51c5-db96-33b7b0271b51",
			"responses": [],
			"rawModeData": "{\n\"wifi_ssid\": \"poh home_plus\", \"wifi_pwd\": \"1123581321\", \"api_endpoint\": \"http://192.168.1.79:8000/button/iot/\", \"firmwarecheck_endpoint\": \"http://192.168.1.79:8000/firmware/\", \"device\": \"60C5A86A9CCD\", \"token\": \"69eab04f-c6c2-4852-b0e5-d4b73d2888da\"\n}"
		},
		{
			"id": "7e8e1eca-1d4e-ede5-ff60-551fbd4a6f9d",
			"headers": "",
			"headerData": [],
			"url": "",
			"queryParams": [],
			"pathVariables": {},
			"pathVariableData": [],
			"preRequestScript": null,
			"method": "GET",
			"collectionId": "bdaf8d50-c60d-51c5-db96-33b7b0271b51",
			"data": null,
			"dataMode": "params",
			"name": "button",
			"description": "",
			"descriptionFormat": "html",
			"time": 1515930980190,
			"version": 2,
			"responses": [],
			"tests": null,
			"currentHelper": "normal",
			"helperAttributes": {}
		},
		{
			"id": "8ad4ded8-5238-2ac6-da08-f983295621a7",
			"headers": "",
			"headerData": [],
			"url": "http://192.168.1.1/endconfig",
			"queryParams": [],
			"pathVariables": {},
			"pathVariableData": [],
			"preRequestScript": null,
			"method": "POST",
			"collectionId": "bdaf8d50-c60d-51c5-db96-33b7b0271b51",
			"data": null,
			"dataMode": "params",
			"name": "button end config",
			"description": "",
			"descriptionFormat": "html",
			"time": 1516033893521,
			"version": 2,
			"responses": [],
			"tests": null,
			"currentHelper": "normal",
			"helperAttributes": {}
		},
		{
			"id": "8e056888-b7e5-9334-9e4c-64bd35b1324d",
			"headers": "Content-Type: application/json\n",
			"headerData": [
				{
					"key": "Content-Type",
					"value": "application/json",
					"description": "",
					"enabled": true
				}
			],
			"url": "http://52.221.167.53/signup",
			"queryParams": [],
			"preRequestScript": null,
			"pathVariables": {},
			"pathVariableData": [],
			"method": "POST",
			"data": [],
			"dataMode": "raw",
			"tests": null,
			"currentHelper": "normal",
			"helperAttributes": {},
			"time": 1515488084400,
			"name": "SignUp",
			"description": "",
			"collectionId": "bdaf8d50-c60d-51c5-db96-33b7b0271b51",
			"responses": [],
			"rawModeData": "{\n\t\t\"username\": \"buttontest\",\n\t\t\"email\": \"email@asd.com\",\n\t\t\"password\": \"test1234\"\n}"
		},
		{
			"id": "9fe324b0-baa2-9d50-bc62-d59205f619a0",
			"headers": "",
			"headerData": [],
			"url": "http://192.168.1.1/info",
			"queryParams": [],
			"pathVariables": {},
			"pathVariableData": [],
			"preRequestScript": null,
			"method": "GET",
			"collectionId": "bdaf8d50-c60d-51c5-db96-33b7b0271b51",
			"data": null,
			"dataMode": "params",
			"name": "button info",
			"description": "",
			"descriptionFormat": "html",
			"time": 1516033880676,
			"version": 2,
			"responses": [],
			"tests": null,
			"currentHelper": "normal",
			"helperAttributes": {}
		},
		{
			"id": "cad0d347-4b57-4559-3447-bdf34a560fec",
			"headers": "Content-Type: application/json\nAuthorization: token b7ea9ea2-dff6-4a09-9c14-9a9c2818c986\n",
			"headerData": [
				{
					"key": "Content-Type",
					"value": "application/json",
					"description": "",
					"enabled": true
				},
				{
					"key": "Authorization",
					"value": "token b7ea9ea2-dff6-4a09-9c14-9a9c2818c986",
					"description": "",
					"enabled": true
				}
			],
			"url": "http://52.221.167.53/wifi/add",
			"queryParams": [],
			"preRequestScript": null,
			"pathVariables": {},
			"pathVariableData": [],
			"method": "POST",
			"data": [],
			"dataMode": "raw",
			"tests": null,
			"currentHelper": "normal",
			"helperAttributes": {},
			"time": 1515488080642,
			"name": "Wifi Add",
			"description": "",
			"collectionId": "bdaf8d50-c60d-51c5-db96-33b7b0271b51",
			"responses": [],
			"rawModeData": "{\n\t\t\"ssid\": \"Home\",\n\t\t\"password\": \"ppp\"\n}\n"
		},
		{
			"id": "dc208eaa-2445-063d-1b17-6136730b5279",
			"headers": "HTTP_ACCESSTOKEN: 69eab04f-c6c2-4852-b0e5-d4b73d2888da\nContent-Type: application/json\n",
			"headerData": [
				{
					"key": "HTTP_ACCESSTOKEN",
					"value": "69eab04f-c6c2-4852-b0e5-d4b73d2888da",
					"description": "",
					"enabled": true
				},
				{
					"key": "Content-Type",
					"value": "application/json",
					"description": "",
					"enabled": true
				}
			],
			"url": "http://52.221.167.53/button/iot/order/1",
			"queryParams": [],
			"preRequestScript": null,
			"pathVariables": {},
			"pathVariableData": [],
			"method": "PUT",
			"data": [],
			"dataMode": "raw",
			"version": 2,
			"tests": null,
			"currentHelper": "normal",
			"helperAttributes": {},
			"time": 1517158267187,
			"name": "button order",
			"description": "",
			"collectionId": "bdaf8d50-c60d-51c5-db96-33b7b0271b51",
			"responses": [],
			"rawModeData": "{\n\t\"deviceID\": \"B2EDFH23\",\n\t\"buttonID\": 1\n}"
		}
	]
}